{
"lengthUnit": "mil",
"components": {
	"fields": ["COMPONENT_NO", "COMPONENT_NAME", "LAYER", "X_COORDINATE", "Y_COORDINATE", "ANGLE"],
	"rows": [
		[1, "C1", "T", 830, -3110, 270],
		[2, "C2", "T", 915, -3140, 270],
		[3, "C3", "T", 215, -1625, 180],
		[4, "CN1", "T", 708.66, -2657.48, 0],
		[5, "H1", "B", 854.65, -3472.52, 270],
		[6, "H2", "T", 492.13, -1574.8, 320],
		[7, "H3", "T", 884.25, -543.31, 270],
		[8, "R1", "T", 320, -1785, 180],
		[9, "R2", "T", 280, -1925, 270],
		[10, "R3", "T", 170, -3040, 180],
		[11, "R4", "T", 170, -3130, 180],
		[12, "R5", "T", 125, -1785, 180],
		[13, "R6", "T", 305, -3665, 180],
		[14, "R7", "T", 730, -295, 0],
		[15, "R8", "T", 730, -395, 180],
		[16, "R9", "T", 311.23, -833.77, 0],
		[17, "R10", "T", 311.23, -601.27, 0],
		[18, "R11", "T", 311.23, -366.27, 0],
		[19, "R12", "T", 270, -1100, 320],
		[20, "R13", "T", 752.46, -745, 270],
		[21, "R14", "T", 895, -1410, 270],
		[22, "R15", "T", 723.73, -1946.27, 0],
		[23, "R17", "T", 311.23, -481.27, 0],
		[24, "R18", "T", 300, -1265, 320],
		[25, "R19", "T", 637.46, -745, 270],
		[26, "R20", "T", 777.46, -1410, 270],
		[27, "R21", "T", 723.73, -2056.27, 0],
		[28, "R22", "T", 723.77, -2173.77, 0],
		[29, "R23", "T", 311.23, -716.27, 0],
		[30, "R25", "T", 215, -2330, 0],
		[31, "R26", "T", 620, -3035, 90],
		[32, "R27", "T", 145, -1495, 180],
		[33, "R29", "T", 670, -3255, 0],
		[34, "R30", "T", 670, -3370, 180],
		[35, "R31", "T", 670, -2300, 0],
		[36, "R32", "T", 655, -1075, 0],
		[37, "U4", "B", 265, -2035, 270],
		[38, "U5", "T", 280, -3410, 270],
		[39, "U6", "T", 600, -3460, 180],
		[40, "XS1", "T", 295.28, -2657.48, 0]
	]
},
"pins": {
	"fields": ["PIN_NO", "PIN_NAME", "PIN_X", "PIN_Y", "LAYER", "PIN_TYPE", "NET_NAME", "NET_TYPE", "PAD_SHAPE", "PAD_SIZEX", "PAD_SIZEY", "HOLE_SIZE", "PAD_ANGLE"],
	"rows": [
		[1, "C1_1", 830, -3070.63, "T", "SMD", "GND", "GND", "R", 55.51, 53.15, 0, 270],
		[2, "C1_2", 830, -3149.37, "T", "SMD", "5V", "", "R", 55.51, 53.15, 0, 270],
		[3, "C2_1", 915, -3118.54, "T", "SMD", "GND", "GND", "R", 31.11, 21.26, 0, 270],
		[4, "C2_2", 915, -3161.46, "T", "SMD", "5V", "", "R", 31.11, 21.26, 0, 270],
		[5, "C3_1", 313.43, -1625, "T", "DIP", "CEN-HP", "", "C", 66.93, 66.93, 39.37, 180],
		[6, "C3_1", 313.43, -1625, "B", "DIP", "CEN-HP", "", "C", 66.93, 66.93, 39.37, 180],
		[7, "C3_2", 116.57, -1625, "T", "DIP", "$1N2159", "", "C", 66.93, 66.93, 39.37, 180],
		[8, "C3_2", 116.57, -1625, "B", "DIP", "$1N2159", "", "C", 66.93, 66.93, 39.37, 180],
		[9, "CN1_1", 708.66, -2912.6, "T", "DIP", "GND", "GND", "O", 62.99, 90.55, 51.18, 90],
		[10, "CN1_1", 708.66, -2912.6, "B", "DIP", "GND", "GND", "O", 62.99, 90.55, 51.18, 90],
		[11, "CN1_2", 708.66, -2790.55, "T", "DIP", "$1N9382", "", "O", 62.99, 98.43, 59.06, 90],
		[12, "CN1_2", 708.66, -2790.55, "B", "DIP", "$1N9382", "", "O", 62.99, 98.43, 59.06, 90],
		[13, "CN1_3", 708.66, -2463.78, "T", "DIP", "$1N9378", "", "O", 59.06, 98.43, 59.06, 90],
		[14, "CN1_3", 708.66, -2463.78, "B", "DIP", "$1N9378", "", "O", 59.06, 98.43, 59.06, 90],
		[15, "H1_1", 904.65, -3272.52, "T", "DIP", "5V", "", "R", 66.93, 66.93, 43.31, 270],
		[16, "H1_1", 904.65, -3272.52, "B", "DIP", "5V", "", "R", 66.93, 66.93, 43.31, 270],
		[17, "H1_2", 804.65, -3272.52, "T", "DIP", "$1N5748", "", "C", 66.93, 66.93, 43.31, 270],
		[18, "H1_2", 804.65, -3272.52, "B", "DIP", "$1N5748", "", "C", 66.93, 66.93, 43.31, 270],
		[19, "H1_3", 904.65, -3372.52, "T", "DIP", "GND", "GND", "C", 66.93, 66.93, 43.31, 270],
		[20, "H1_3", 904.65, -3372.52, "B", "DIP", "GND", "GND", "C", 66.93, 66.93, 43.31, 270],
		[21, "H1_4", 804.65, -3372.52, "T", "DIP", "GND", "GND", "C", 66.93, 66.93, 43.31, 270],
		[22, "H1_4", 804.65, -3372.52, "B", "DIP", "GND", "GND", "C", 66.93, 66.93, 43.31, 270],
		[23, "H1_5", 904.65, -3472.52, "T", "DIP", "H1_5", "", "C", 66.93, 66.93, 43.31, 270],
		[24, "H1_5", 904.65, -3472.52, "B", "DIP", "H1_5", "", "C", 66.93, 66.93, 43.31, 270],
		[25, "H1_6", 804.65, -3472.52, "T", "DIP", "H1_6", "", "C", 66.93, 66.93, 43.31, 270],
		[26, "H1_6", 804.65, -3472.52, "B", "DIP", "H1_6", "", "C", 66.93, 66.93, 43.31, 270],
		[27, "H1_7", 904.65, -3572.52, "T", "DIP", "H1_7", "", "C", 66.93, 66.93, 43.31, 270],
		[28, "H1_7", 904.65, -3572.52, "B", "DIP", "H1_7", "", "C", 66.93, 66.93, 43.31, 270],
		[29, "H1_8", 804.65, -3572.52, "T", "DIP", "H1_8", "", "C", 66.93, 66.93, 43.31, 270],
		[30, "H1_8", 804.65, -3572.52, "B", "DIP", "H1_8", "", "C", 66.93, 66.93, 43.31, 270],
		[31, "H1_9", 904.65, -3672.52, "T", "DIP", "H1_9", "", "C", 66.93, 66.93, 43.31, 270],
		[32, "H1_9", 904.65, -3672.52, "B", "DIP", "H1_9", "", "C", 66.93, 66.93, 43.31, 270],
		[33, "H1_10", 804.65, -3672.52, "T", "DIP", "H1_10", "", "C", 66.93, 66.93, 43.31, 270],
		[34, "H1_10", 804.65, -3672.52, "B", "DIP", "H1_10", "", "C", 66.93, 66.93, 43.31, 270],
		[35, "H2_1", 224.01, -1349.83, "T", "DIP", "HARD-L-IN", "", "R", 70.87, 70.87, 47.24, 320],
		[36, "H2_1", 224.01, -1349.83, "B", "DIP", "HARD-L-IN", "", "R", 70.87, 70.87, 47.24, 320],
		[37, "H2_2", 300.61, -1414.11, "T", "DIP", "LL-IN", "", "C", 70.87, 70.87, 47.24, 320],
		[38, "H2_2", 300.61, -1414.11, "B", "DIP", "LL-IN", "", "C", 70.87, 70.87, 47.24, 320],
		[39, "H2_3", 377.22, -1478.38, "T", "DIP", "L-IN", "", "C", 70.87, 70.87, 47.24, 320],
		[40, "H2_3", 377.22, -1478.38, "B", "DIP", "L-IN", "", "C", 70.87, 70.87, 47.24, 320],
		[41, "H2_4", 453.82, -1542.66, "T", "DIP", "CEN-HP", "", "C", 70.87, 70.87, 47.24, 320],
		[42, "H2_4", 453.82, -1542.66, "B", "DIP", "CEN-HP", "", "C", 70.87, 70.87, 47.24, 320],
		[43, "H2_5", 530.43, -1606.94, "T", "DIP", "CEN-IN", "", "C", 70.87, 70.87, 47.24, 320],
		[44, "H2_5", 530.43, -1606.94, "B", "DIP", "CEN-IN", "", "C", 70.87, 70.87, 47.24, 320],
		[45, "H2_6", 607.03, -1671.22, "T", "DIP", "R-IN", "", "C", 70.87, 70.87, 47.24, 320],
		[46, "H2_6", 607.03, -1671.22, "B", "DIP", "R-IN", "", "C", 70.87, 70.87, 47.24, 320],
		[47, "H2_7", 683.64, -1735.5, "T", "DIP", "RR-IN", "", "C", 70.87, 70.87, 47.24, 320],
		[48, "H2_7", 683.64, -1735.5, "B", "DIP", "RR-IN", "", "C", 70.87, 70.87, 47.24, 320],
		[49, "H2_8", 760.24, -1799.78, "T", "DIP", "HARD-R-IN", "", "C", 70.87, 70.87, 47.24, 320],
		[50, "H2_8", 760.24, -1799.78, "B", "DIP", "HARD-R-IN", "", "C", 70.87, 70.87, 47.24, 320],
		[51, "H3_1", 884.25, -193.31, "T", "DIP", "$1N1606", "", "R", 70.87, 70.87, 47.24, 270],
		[52, "H3_1", 884.25, -193.31, "B", "DIP", "$1N1606", "", "R", 70.87, 70.87, 47.24, 270],
		[53, "H3_2", 884.25, -293.31, "T", "DIP", "$1N1606", "", "C", 70.87, 70.87, 47.24, 270],
		[54, "H3_2", 884.25, -293.31, "B", "DIP", "$1N1606", "", "C", 70.87, 70.87, 47.24, 270],
		[55, "H3_3", 884.25, -393.31, "T", "DIP", "$1N1667", "", "C", 70.87, 70.87, 47.24, 270],
		[56, "H3_3", 884.25, -393.31, "B", "DIP", "$1N1667", "", "C", 70.87, 70.87, 47.24, 270],
		[57, "H3_4", 884.25, -493.31, "T", "DIP", "$1N1667", "", "C", 70.87, 70.87, 47.24, 270],
		[58, "H3_4", 884.25, -493.31, "B", "DIP", "$1N1667", "", "C", 70.87, 70.87, 47.24, 270],
		[59, "H3_5", 884.25, -593.31, "T", "DIP", "$1N1681", "", "C", 70.87, 70.87, 47.24, 270],
		[60, "H3_5", 884.25, -593.31, "B", "DIP", "$1N1681", "", "C", 70.87, 70.87, 47.24, 270],
		[61, "H3_6", 884.25, -693.31, "T", "DIP", "$1N1681", "", "C", 70.87, 70.87, 47.24, 270],
		[62, "H3_6", 884.25, -693.31, "B", "DIP", "$1N1681", "", "C", 70.87, 70.87, 47.24, 270],
		[63, "H3_7", 884.25, -793.31, "T", "DIP", "$1N1681", "", "C", 70.87, 70.87, 47.24, 270],
		[64, "H3_7", 884.25, -793.31, "B", "DIP", "$1N1681", "", "C", 70.87, 70.87, 47.24, 270],
		[65, "H3_8", 884.25, -893.31, "T", "DIP", "$1N1681", "", "C", 70.87, 70.87, 47.24, 270],
		[66, "H3_8", 884.25, -893.31, "B", "DIP", "$1N1681", "", "C", 70.87, 70.87, 47.24, 270],
		[67, "R1_1", 359.37, -1785, "T", "SMD", "$1N1344", "", "R", 44.59, 54.21, 0, 180],
		[68, "R1_2", 280.63, -1785, "T", "SMD", "$1N1480", "", "R", 44.59, 54.21, 0, 180],
		[69, "R2_1", 280, -1885.63, "T", "SMD", "$1N1344", "", "R", 44.59, 54.21, 0, 270],
		[70, "R2_2", 280, -1964.37, "T", "SMD", "LEFT_MIX", "", "R", 44.59, 54.21, 0, 270],
		[71, "R3_1", 209.37, -3040, "T", "SMD", "$1N1476", "", "R", 44.59, 54.21, 0, 180],
		[72, "R3_2", 130.63, -3040, "T", "SMD", "$1N1394", "", "R", 44.59, 54.21, 0, 180],
		[73, "R4_1", 209.37, -3130, "T", "SMD", "RIGHT_MIX", "", "R", 44.59, 54.21, 0, 180],
		[74, "R4_2", 130.63, -3130, "T", "SMD", "$1N1394", "", "R", 44.59, 54.21, 0, 180],
		[75, "R5_1", 164.37, -1785, "T", "SMD", "$1N1480", "", "R", 44.59, 54.21, 0, 180],
		[76, "R5_2", 85.63, -1785, "T", "SMD", "L-MIX-OUT", "", "R", 44.59, 54.21, 0, 180],
		[77, "R6_1", 344.37, -3665, "T", "SMD", "$1N1476", "", "R", 44.59, 54.21, 0, 180],
		[78, "R6_2", 265.63, -3665, "T", "SMD", "R-MIX-OUT", "", "R", 44.59, 54.21, 0, 180],
		[79, "R7_1", 690.63, -295, "T", "SMD", "L-MIX-OUT", "", "R", 44.59, 54.21, 0, 0],
		[80, "R7_2", 769.37, -295, "T", "SMD", "$1N1606", "", "R", 44.59, 54.21, 0, 0],
		[81, "R8_1", 769.37, -395, "T", "SMD", "$1N1667", "", "R", 44.59, 54.21, 0, 180],
		[82, "R8_2", 690.63, -395, "T", "SMD", "R-MIX-OUT", "", "R", 44.59, 54.21, 0, 180],
		[83, "R9_1", 111.23, -833.77, "T", "DIP", "HARD-L-IN", "", "C", 74, 74, 35.4, 0],
		[84, "R9_1", 111.23, -833.77, "B", "DIP", "HARD-L-IN", "", "C", 74, 74, 35.4, 0],
		[85, "R9_2", 511.23, -833.77, "T", "DIP", "LEFT_MIX", "", "C", 74, 74, 35.4, 0],
		[86, "R9_2", 511.23, -833.77, "B", "DIP", "LEFT_MIX", "", "C", 74, 74, 35.4, 0],
		[87, "R10_1", 111.23, -601.27, "T", "DIP", "LL-IN", "", "C", 74, 74, 35.4, 0],
		[88, "R10_1", 111.23, -601.27, "B", "DIP", "LL-IN", "", "C", 74, 74, 35.4, 0],
		[89, "R10_2", 511.23, -601.27, "T", "DIP", "LEFT_MIX", "", "C", 74, 74, 35.4, 0],
		[90, "R10_2", 511.23, -601.27, "B", "DIP", "LEFT_MIX", "", "C", 74, 74, 35.4, 0],
		[91, "R11_1", 111.23, -366.27, "T", "DIP", "L-IN", "", "C", 74, 74, 35.4, 0],
		[92, "R11_1", 111.23, -366.27, "B", "DIP", "L-IN", "", "C", 74, 74, 35.4, 0],
		[93, "R11_2", 511.23, -366.27, "T", "DIP", "LEFT_MIX", "", "C", 74, 74, 35.4, 0],
		[94, "R11_2", 511.23, -366.27, "B", "DIP", "LEFT_MIX", "", "C", 74, 74, 35.4, 0],
		[95, "R12_1", 116.79, -971.44, "T", "DIP", "$1N2159", "", "C", 74, 74, 35.4, 320],
		[96, "R12_1", 116.79, -971.44, "B", "DIP", "$1N2159", "", "C", 74, 74, 35.4, 320],
		[97, "R12_2", 423.21, -1228.56, "T", "DIP", "LEFT_MIX", "", "C", 74, 74, 35.4, 320],
		[98, "R12_2", 423.21, -1228.56, "B", "DIP", "LEFT_MIX", "", "C", 74, 74, 35.4, 320],
		[99, "R13_1", 752.46, -545, "T", "DIP", "CEN-IN", "", "C", 74, 74, 35.4, 270],
		[100, "R13_1", 752.46, -545, "B", "DIP", "CEN-IN", "", "C", 74, 74, 35.4, 270],
		[101, "R13_2", 752.46, -945, "T", "DIP", "LEFT_MIX", "", "C", 74, 74, 35.4, 270],
		[102, "R13_2", 752.46, -945, "B", "DIP", "LEFT_MIX", "", "C", 74, 74, 35.4, 270],
		[103, "R14_1", 895, -1210, "T", "DIP", "R-IN", "", "C", 74, 74, 35.4, 270],
		[104, "R14_1", 895, -1210, "B", "DIP", "R-IN", "", "C", 74, 74, 35.4, 270],
		[105, "R14_2", 895, -1610, "T", "DIP", "LEFT_MIX", "", "C", 74, 74, 35.4, 270],
		[106, "R14_2", 895, -1610, "B", "DIP", "LEFT_MIX", "", "C", 74, 74, 35.4, 270],
		[107, "R15_1", 523.73, -1946.27, "T", "DIP", "RR-IN", "", "C", 74, 74, 35.4, 0],
		[108, "R15_1", 523.73, -1946.27, "B", "DIP", "RR-IN", "", "C", 74, 74, 35.4, 0],
		[109, "R15_2", 923.73, -1946.27, "T", "DIP", "LEFT_MIX", "", "C", 74, 74, 35.4, 0],
		[110, "R15_2", 923.73, -1946.27, "B", "DIP", "LEFT_MIX", "", "C", 74, 74, 35.4, 0],
		[111, "R17_1", 111.23, -481.27, "T", "DIP", "L-IN", "", "C", 74, 74, 35.4, 0],
		[112, "R17_1", 111.23, -481.27, "B", "DIP", "L-IN", "", "C", 74, 74, 35.4, 0],
		[113, "R17_2", 511.23, -481.27, "T", "DIP", "RIGHT_MIX", "", "C", 74, 74, 35.4, 0],
		[114, "R17_2", 511.23, -481.27, "B", "DIP", "RIGHT_MIX", "", "C", 74, 74, 35.4, 0],
		[115, "R18_1", 146.79, -1136.44, "T", "DIP", "$1N2159", "", "C", 74, 74, 35.4, 320],
		[116, "R18_1", 146.79, -1136.44, "B", "DIP", "$1N2159", "", "C", 74, 74, 35.4, 320],
		[117, "R18_2", 453.21, -1393.56, "T", "DIP", "RIGHT_MIX", "", "C", 74, 74, 35.4, 320],
		[118, "R18_2", 453.21, -1393.56, "B", "DIP", "RIGHT_MIX", "", "C", 74, 74, 35.4, 320],
		[119, "R19_1", 637.46, -545, "T", "DIP", "CEN-IN", "", "C", 74, 74, 35.4, 270],
		[120, "R19_1", 637.46, -545, "B", "DIP", "CEN-IN", "", "C", 74, 74, 35.4, 270],
		[121, "R19_2", 637.46, -945, "T", "DIP", "RIGHT_MIX", "", "C", 74, 74, 35.4, 270],
		[122, "R19_2", 637.46, -945, "B", "DIP", "RIGHT_MIX", "", "C", 74, 74, 35.4, 270],
		[123, "R20_1", 777.46, -1210, "T", "DIP", "R-IN", "", "C", 74, 74, 35.4, 270],
		[124, "R20_1", 777.46, -1210, "B", "DIP", "R-IN", "", "C", 74, 74, 35.4, 270],
		[125, "R20_2", 777.46, -1610, "T", "DIP", "RIGHT_MIX", "", "C", 74, 74, 35.4, 270],
		[126, "R20_2", 777.46, -1610, "B", "DIP", "RIGHT_MIX", "", "C", 74, 74, 35.4, 270],
		[127, "R21_1", 523.73, -2056.27, "T", "DIP", "RR-IN", "", "C", 74, 74, 35.4, 0],
		[128, "R21_1", 523.73, -2056.27, "B", "DIP", "RR-IN", "", "C", 74, 74, 35.4, 0],
		[129, "R21_2", 923.73, -2056.27, "T", "DIP", "RIGHT_MIX", "", "C", 74, 74, 35.4, 0],
		[130, "R21_2", 923.73, -2056.27, "B", "DIP", "RIGHT_MIX", "", "C", 74, 74, 35.4, 0],
		[131, "R22_1", 523.77, -2173.77, "T", "DIP", "HARD-R-IN", "", "C", 74, 74, 35.4, 0],
		[132, "R22_1", 523.77, -2173.77, "B", "DIP", "HARD-R-IN", "", "C", 74, 74, 35.4, 0],
		[133, "R22_2", 923.77, -2173.77, "T", "DIP", "RIGHT_MIX", "", "C", 74, 74, 35.4, 0],
		[134, "R22_2", 923.77, -2173.77, "B", "DIP", "RIGHT_MIX", "", "C", 74, 74, 35.4, 0],
		[135, "R23_1", 111.23, -716.27, "T", "DIP", "LL-IN", "", "C", 74, 74, 35.4, 0],
		[136, "R23_1", 111.23, -716.27, "B", "DIP", "LL-IN", "", "C", 74, 74, 35.4, 0],
		[137, "R23_2", 511.23, -716.27, "T", "DIP", "RIGHT_MIX", "", "C", 74, 74, 35.4, 0],
		[138, "R23_2", 511.23, -716.27, "B", "DIP", "RIGHT_MIX", "", "C", 74, 74, 35.4, 0],
		[139, "R25_1", 175.63, -2330, "T", "SMD", "L-MIX-OUT", "", "R", 44.59, 54.21, 0, 0],
		[140, "R25_2", 254.37, -2330, "T", "SMD", "$1N9374", "", "R", 44.59, 54.21, 0, 0],
		[141, "R26_1", 620, -3074.37, "T", "SMD", "R-MIX-OUT", "", "R", 44.59, 54.21, 0, 90],
		[142, "R26_2", 620, -2995.63, "T", "SMD", "$1N9378", "", "R", 44.59, 54.21, 0, 90],
		[143, "R27_1", 174.66, -1495, "T", "SMD", "GND", "GND", "R", 31.75, 34.02, 0, 180],
		[144, "R27_2", 115.34, -1495, "T", "SMD", "$1N2159", "", "R", 31.75, 34.02, 0, 180],
		[145, "R29_1", 630.63, -3255, "T", "SMD", "2V5_VREF", "", "R", 44.59, 54.21, 0, 0],
		[146, "R29_2", 709.37, -3255, "T", "SMD", "$1N5748", "", "R", 44.59, 54.21, 0, 0],
		[147, "R30_1", 709.37, -3370, "T", "SMD", "GND", "GND", "R", 44.59, 54.21, 0, 180],
		[148, "R30_2", 630.63, -3370, "T", "SMD", "2V5_VREF", "", "R", 44.59, 54.21, 0, 180],
		[149, "R31_1", 414.1, -2300, "T", "DIP", "HARD-R-IN", "", "C", 60, 60, 36, 0],
		[150, "R31_1", 414.1, -2300, "B", "DIP", "HARD-R-IN", "", "C", 60, 60, 36, 0],
		[151, "R31_2", 925.9, -2300, "T", "DIP", "LEFT_MIX", "", "C", 60, 60, 36, 0],
		[152, "R31_2", 925.9, -2300, "B", "DIP", "LEFT_MIX", "", "C", 60, 60, 36, 0],
		[153, "R32_1", 399.1, -1075, "T", "DIP", "HARD-L-IN", "", "C", 60, 60, 36, 0],
		[154, "R32_1", 399.1, -1075, "B", "DIP", "HARD-L-IN", "", "C", 60, 60, 36, 0],
		[155, "R32_2", 910.9, -1075, "T", "DIP", "RIGHT_MIX", "", "C", 60, 60, 36, 0],
		[156, "R32_2", 910.9, -1075, "B", "DIP", "RIGHT_MIX", "", "C", 60, 60, 36, 0],
		[157, "U4_1", 415, -1885, "T", "DIP", "$1N1344", "", "R", 63, 63, 39.37, 270],
		[158, "U4_1", 415, -1885, "B", "DIP", "$1N1344", "", "R", 63, 63, 39.37, 270],
		[159, "U4_2", 415, -1985, "T", "DIP", "LEFT_MIX", "", "C", 63, 63, 39.37, 270],
		[160, "U4_2", 415, -1985, "B", "DIP", "LEFT_MIX", "", "C", 63, 63, 39.37, 270],
		[161, "U4_3", 415, -2085, "T", "DIP", "2V5_VREF", "", "C", 63, 63, 39.37, 270],
		[162, "U4_3", 415, -2085, "B", "DIP", "2V5_VREF", "", "C", 63, 63, 39.37, 270],
		[163, "U4_4", 415, -2185, "T", "DIP", "GND", "GND", "C", 63, 63, 39.37, 270],
		[164, "U4_4", 415, -2185, "B", "DIP", "GND", "GND", "C", 63, 63, 39.37, 270],
		[165, "U4_5", 115, -2185, "T", "DIP", "2V5_VREF", "", "C", 63, 63, 39.37, 270],
		[166, "U4_5", 115, -2185, "B", "DIP", "2V5_VREF", "", "C", 63, 63, 39.37, 270],
		[167, "U4_6", 115, -2085, "T", "DIP", "$1N1480", "", "C", 63, 63, 39.37, 270],
		[168, "U4_6", 115, -2085, "B", "DIP", "$1N1480", "", "C", 63, 63, 39.37, 270],
		[169, "U4_7", 115, -1985, "T", "DIP", "L-MIX-OUT", "", "C", 63, 63, 39.37, 270],
		[170, "U4_7", 115, -1985, "B", "DIP", "L-MIX-OUT", "", "C", 63, 63, 39.37, 270],
		[171, "U4_8", 115, -1885, "T", "DIP", "5V", "", "C", 63, 63, 39.37, 270],
		[172, "U4_8", 115, -1885, "B", "DIP", "5V", "", "C", 63, 63, 39.37, 270],
		[173, "U5_1", 130, -3260, "T", "DIP", "$1N1394", "", "R", 63, 63, 39.37, 270],
		[174, "U5_1", 130, -3260, "B", "DIP", "$1N1394", "", "R", 63, 63, 39.37, 270],
		[175, "U5_2", 130, -3360, "T", "DIP", "RIGHT_MIX", "", "C", 63, 63, 39.37, 270],
		[176, "U5_2", 130, -3360, "B", "DIP", "RIGHT_MIX", "", "C", 63, 63, 39.37, 270],
		[177, "U5_3", 130, -3460, "T", "DIP", "2V5_VREF", "", "C", 63, 63, 39.37, 270],
		[178, "U5_3", 130, -3460, "B", "DIP", "2V5_VREF", "", "C", 63, 63, 39.37, 270],
		[179, "U5_4", 130, -3560, "T", "DIP", "GND", "GND", "C", 63, 63, 39.37, 270],
		[180, "U5_4", 130, -3560, "B", "DIP", "GND", "GND", "C", 63, 63, 39.37, 270],
		[181, "U5_5", 430, -3560, "T", "DIP", "2V5_VREF", "", "C", 63, 63, 39.37, 270],
		[182, "U5_5", 430, -3560, "B", "DIP", "2V5_VREF", "", "C", 63, 63, 39.37, 270],
		[183, "U5_6", 430, -3460, "T", "DIP", "$1N1476", "", "C", 63, 63, 39.37, 270],
		[184, "U5_6", 430, -3460, "B", "DIP", "$1N1476", "", "C", 63, 63, 39.37, 270],
		[185, "U5_7", 430, -3360, "T", "DIP", "R-MIX-OUT", "", "C", 63, 63, 39.37, 270],
		[186, "U5_7", 430, -3360, "B", "DIP", "R-MIX-OUT", "", "C", 63, 63, 39.37, 270],
		[187, "U5_8", 430, -3260, "T", "DIP", "5V", "", "C", 63, 63, 39.37, 270],
		[188, "U5_8", 430, -3260, "B", "DIP", "5V", "", "C", 63, 63, 39.37, 270],
		[189, "U6_1", 627.56, -3460, "T", "SMD", "GND", "GND", "R", 31.5, 35.43, 0, 180],
		[190, "U6_2", 572.44, -3460, "T", "SMD", "2V5_VREF", "", "R", 31.5, 35.43, 0, 180],
		[191, "XS1_1", 295.28, -2912.6, "T", "DIP", "GND", "GND", "O", 122.05, 82.68, 62.99, 0],
		[192, "XS1_1", 295.28, -2912.6, "B", "DIP", "GND", "GND", "O", 122.05, 82.68, 62.99, 0],
		[193, "XS1_2", 295.28, -2790.55, "T", "DIP", "$1N9382", "", "R", 102.36, 102.36, 62.99, 0],
		[194, "XS1_2", 295.28, -2790.55, "B", "DIP", "$1N9382", "", "R", 102.36, 102.36, 62.99, 0],
		[195, "XS1_3", 295.28, -2463.78, "T", "DIP", "$1N9374", "", "R", 102.36, 102.36, 62.99, 0],
		[196, "XS1_3", 295.28, -2463.78, "B", "DIP", "$1N9374", "", "R", 102.36, 102.36, 62.99, 0]
	]
}
}